id,Name,titleProject_id,class,score,login,password
0,Сербин Геннадий Михаилович,7,8в,2,Сербин_ГМ,oVdok64V
1,Папандина Клавдия Яковлевна,304,9в,5,Папандина_КЯ,PJww3Bbh
2,Белагина Галина Андреевна,396,9а,4,Белагина_ГА,sucY1D56
3,Кижняева Анна Леонидовна,178,7и,2,Кижняева_АЛ,z2dLBmRU
4,Цывин Олег Яковлевич,446,7т,2,Цывин_ОЯ,B3kQVFO8
5,Жидняева Ксения Эдуардовна,373,7х,4,Жидняева_КЭ,9qKgJLjr
6,Липковский Анатолий Иванович,144,10а,2,Липковский_АИ,TLaI56E4
7,Меднова Наталья Богдановна,290,7и,5,Меднова_НБ,JmTYBb7v
8,Житихин Вячеслав Романович,141,9а,5,Житихин_ВР,YFWdq4XW
9,Шеврина Полина Максимовна,33,11а,5,Шеврина_ПМ,0TGlrm3c
10,Алпеев Валентин Данилович,323,8а,2,Алпеев_ВД,9vGqXvLL
11,Золикова Клара Игоревна,364,10х,2,Золикова_КИ,4vbFU8Ez
12,Дориков Дмитрий Петрович,296,10г,5,Дориков_ДП,4nMSypuT
13,Корабышев Кирилл Михаилович,302,8и,5,Корабышев_КМ,KC8YWWxe
14,Ростовиков Константин Николаевич,336,10а,2,Ростовиков_КН,1Uf23ttf
15,Нехаев Дмитрий Фёдорович,129,7х,4,Нехаев_ДФ,3QfnfKvk
16,Зызлова Мария Николаевна,430,8г,3,Зызлова_МН,M8xYPM9k
17,Королупов Валерий Тимофеевич,397,10д,5,Королупов_ВТ,Vlxjgu8Y
18,Стенцов Евгений Яковлевич,315,8и,4,Стенцов_ЕЯ,MJSwxVEe
19,Феклисов Константин Виталиевич,270,9т,None,Феклисов_КВ,NnaDw0U5
20,Синелев Руслан Тимофеевич,300,8и,2,Синелев_РТ,SWno54YP
21,Опевалова Вера Евгеньевна,473,9д,5,Опевалова_ВЕ,QTSwiEJg
22,Назерова Вероника Василевна,206,7б,5,Назерова_ВВ,S929L8l9
23,Дименская Светлана Дмитриевна,387,9д,5,Дименская_СД,9PGCDP4c
24,Ковторева Раиса Василевна,482,9и,2,Ковторева_РВ,D7F87P4Y
25,Кулишнин Вячеслав Яковлевич,386,11х,5,Кулишнин_ВЯ,pcMMit2m
26,Лексин Кирилл Антонович,139,7в,5,Лексин_КА,EcXYvLYS
27,Лаковский Григорий Василиевич,240,7д,5,Лаковский_ГВ,MyzOb1rT
28,Барамыкова Александра Алексеевна,106,10а,3,Барамыкова_АА,axAPIypw
29,Плясулина Оксана Андреевна,346,8х,2,Плясулина_ОА,n9NxGXLi
30,Петрикеев Станислав Яковлевич,14,7и,4,Петрикеев_СЯ,Pvl8ObuM
31,Моторыгин Илья Георгиевич,238,10и,5,Моторыгин_ИГ,ysnGRKrX
32,Рыков Тарас Павлович,174,10и,5,Рыков_ТП,mzjjOZxr
33,Иончикова Елизавета Егоровна,169,8д,5,Иончикова_ЕЕ,BVFv8yQ2
34,Смолькина Алиса Егоровна,441,7г,5,Смолькина_АЕ,mCblPR08
35,Оболенин Герасим Павлович,472,7и,4,Оболенин_ГП,dKevUL4T
36,Трощинский Георгий Борисович,67,9д,3,Трощинский_ГБ,IkLx4lc8
37,Поддубская Лиза Игоревна,496,10а,4,Поддубская_ЛИ,CL1mdrvN
38,Телькова Валерия Олеговна,335,7х,4,Телькова_ВО,NvPsx5Jp
39,Чигварина Александра Алексеевна,428,10б,2,Чигварина_АА,DfSeYIsN
40,Киреевский Артур Игоревич,119,7в,3,Киреевский_АИ,EPg3XKzT
41,Шумейкин Роман Павлович,420,8в,5,Шумейкин_РП,qvbBc7zl
42,Трушинов Максим Алексиевич,82,8и,4,Трушинов_МА,nd9YocLR
43,Голюков Денис Сергеевич,62,11б,4,Голюков_ДС,EotgbnH7
44,Хлиманкова Надежда Валерьевна,461,10б,3,Хлиманкова_НВ,e8xkMcTr
45,Кулаженков Алексей Олегович,367,10в,2,Кулаженков_АО,H2XfXuGe
46,Бутукин Владимир Адамович,221,7х,5,Бутукин_ВА,r6PNfQlR
47,Поддуев Леонид Олегович,149,9х,4,Поддуев_ЛО,9iVeOLqc
48,Ревцев Василий Павлович,360,9х,5,Ревцев_ВП,5U1w5SCX
49,Старокожев Артём Юрьевич,46,8д,3,Старокожев_АЮ,j4z1eb6L
50,Светошев Максим Михаилович,321,10х,2,Светошев_ММ,AsbcCGTW
51,Старынина Кристина Федоровна,266,9д,3,Старынина_КФ,3dxKI0hC
52,Востров Дмитрий Денисович,282,9г,3,Востров_ДД,3RWzrBDl
53,Бураханова Анастасия Леонидовна,16,8г,2,Бураханова_АЛ,07P7xxFx
54,Понизов Виктор Кириллович,214,11и,5,Понизов_ВК,kMUrOVzU
55,Суздалев Валерий Алексеевич,66,11т,5,Суздалев_ВА,5FnA6qUB
56,Колендин Дмитрий Алексеевич,153,10в,4,Колендин_ДА,1fNOq7ML
57,Сулькова Екатерина Андреевна,325,8и,4,Сулькова_ЕА,Ei0HFTPy
58,Аржевитова Надежда Федоровна,242,10в,2,Аржевитова_НФ,5wJVojQd
59,Крассов Валерий Олегович,201,8х,5,Крассов_ВО,MA8MPrI2
60,Сонураева Инна Андреевна,450,9т,3,Сонураева_ИА,2ixPLu80
61,Пашин Роман Вадимович,204,10д,2,Пашин_РВ,xK2PY8TT
62,Фичкина Евгения Федоровна,29,11д,3,Фичкина_ЕФ,SZ4pmHeI
63,Свилин Олег Виталиевич,123,8в,2,Свилин_ОВ,u7ktrlza
64,Рогоцкий Андрей Адамович,142,9в,2,Рогоцкий_АА,rx5C2TcE
65,Ахантьев Игорь Валериевич,80,10д,5,Ахантьев_ИВ,TjhNzRZj
66,Сочиникова Ксения Кирилловна,100,10д,2,Сочиникова_КК,18ohJxg6
67,Остюков Артур Романович,329,11и,3,Остюков_АР,KYF0zpLC
68,Брюкина Оксана Викторовна,98,8в,5,Брюкина_ОВ,OTvs6dRs
69,Кузовенков Игорь Юрьевич,322,9г,None,Кузовенков_ИЮ,XaFUBslD
70,Калухов Тарас Иванович,207,11а,3,Калухов_ТИ,yY8Y7Z2T
71,Батыров Пётр Виталиевич,227,7и,3,Батыров_ПВ,nQyu8GAk
72,Озрина Катерина Валерьевна,147,10а,4,Озрина_КВ,rWRNUP1Q
73,Декалова Полина Леонидовна,470,11д,5,Декалова_ПЛ,kqpxKXHp
74,Лосицкий Владимир Кириллович,369,9т,5,Лосицкий_ВК,VpGtpOJ1
75,Магнусов Пётр Максимович,437,7и,5,Магнусов_ПМ,UPMAIoTi
76,Лавренков Михаил Василиевич,188,9б,2,Лавренков_МВ,O8oDoVvS
77,Шушкалова Вероника Алексеевна,411,8т,5,Шушкалова_ВА,0VKFlJhW
78,Бороданова Маргарита Дмитриевна,118,7г,5,Бороданова_МД,9pPNO8I4
79,Циркина Виолетта Федоровна,231,9г,2,Циркина_ВФ,xAjk2dPG
80,Болохина Екатерина Андреевна,194,11д,3,Болохина_ЕА,RsFpr2DS
81,Чукалова Дарья Валерьевна,20,10г,4,Чукалова_ДВ,RmDBC9Xy
82,Беловолов Степан Петрович,222,9д,2,Беловолов_СП,u6FGB7bc
83,Зудейкина Вероника Ивановна,166,8и,3,Зудейкина_ВИ,LOL3CJw6
84,Макунова Мария Борисовна,47,9в,5,Макунова_МБ,IAwExPMf
85,Верзанский Геннадий Андреевич,497,7д,5,Верзанский_ГА,yOLAyp6v
86,Алтубин Ярослав Леонидович,414,10г,5,Алтубин_ЯЛ,07OOD4th
87,Аузин Игорь Алексиевич,435,8х,5,Аузин_ИА,McN6jNWj
88,Калыгин Степан Тимофеевич,353,8и,2,Калыгин_СТ,8KVnvg1E
89,Дурныгина Полина Игоревна,72,8и,2,Дурныгина_ПИ,4QlSdchd
90,Антюфеева Александра Вадимовна,347,8и,2,Антюфеева_АВ,ZkDrwGZb
91,Лощинский Борис Романович,210,10б,3,Лощинский_БР,6zUXXU77
92,Ходорков Евгений Виталиевич,344,9г,5,Ходорков_ЕВ,0MjYezdt
93,Кафорин Федор Данилович,427,10д,3,Кафорин_ФД,mraYU5Pl
94,Косынская Алиса Дмитриевна,40,9в,3,Косынская_АД,GV8yQgu3
95,Беремцев Артём Антонович,434,11т,2,Беремцев_АА,ySeyCE01
96,Влянская Мария Андреевна,490,7т,4,Влянская_МА,n4g3Cmhw
97,Мыгеева Лиза Василевна,280,8в,5,Мыгеева_ЛВ,EPDKD1WQ
98,Акутникова Мария Алексеевна,173,11в,2,Акутникова_МА,NUbee6A8
99,Карябкин Константин Максимович,89,7и,2,Карябкин_КМ,iS7hpAhH
100,Прилепина Яна Максимовна,30,10в,5,Прилепина_ЯМ,oO2bE60u
101,Ведищев Никита Георгиевич,365,7и,5,Ведищев_НГ,2XaLvDDz
102,Самчева Вероника Борисовна,287,10г,3,Самчева_ВБ,BlHTdZX7
103,Пирцхалова Карина Леонидовна,452,10г,5,Пирцхалова_КЛ,6Y8Tk5Yl
104,Павлочев Денис Борисович,432,11д,5,Павлочев_ДБ,4S2olG5M
105,Арашкова Екатерина Евгеньевна,356,8х,None,Арашкова_ЕЕ,67buJ7KL
106,Байсарова Людмила Василевна,215,11и,2,Байсарова_ЛВ,u97vgqnH
107,Кудекина Зинаида Игоревна,250,10и,3,Кудекина_ЗИ,6aVDmUIf
108,Дерналов Виталий Викторович,1,9г,4,Дерналов_ВВ,AZ3S8tdp
109,Сазинова Галина Романовна,61,9и,3,Сазинова_ГР,JiAQsKgm
110,Остаченова Марина Эдуардовна,229,9т,5,Остаченова_МЭ,hWqvRr2M
111,Битюкова Яна Егоровна,488,9и,4,Битюкова_ЯЕ,ehi1Imez
112,Иваницкий Константин Борисович,232,8д,5,Иваницкий_КБ,mf8a0D9m
113,Белянский Владислав Игоревич,74,11б,5,Белянский_ВИ,ITRMzML9
114,Баранкин Артём Алексеевич,382,9т,2,Баранкин_АА,3CoigUBF
115,Шкабанова Софья Вадимовна,499,9х,4,Шкабанова_СВ,5GA1CxOW
116,Полозлов Денис Адамович,155,8т,3,Полозлов_ДА,69QB711R
117,Жунина Светлана Михайловна,162,8в,3,Жунина_СМ,LHZ0XcD3
118,Пантыкин Борис Игоревич,245,9х,2,Пантыкин_БИ,1ux01db9
119,Доутова Марина Богдановна,189,11х,2,Доутова_МБ,m83z6I4t
120,Трещалова Яна Андреевна,330,8б,3,Трещалова_ЯА,MWI0UM6d
121,Ивашечкин Александр Данилович,390,10т,4,Ивашечкин_АД,xHUAZ5o8
122,Мазьянова Инна Богдановна,416,11в,4,Мазьянова_ИБ,bWyOgx6J
123,Корогев Николай Евгеньевич,184,8б,5,Корогев_НЕ,63kDEVdC
124,Заидова Галина Максимовна,88,9т,4,Заидова_ГМ,6S3TfATj
125,Рамхин Кирилл Алексиевич,459,9х,4,Рамхин_КА,xIYs1UKf
126,Кизбабаев Эдуард Фёдорович,415,11т,2,Кизбабаев_ЭФ,MZ4YNDPa
127,Соурчаков Ярослав Валериевич,268,8б,2,Соурчаков_ЯВ,Nr5vut6L
128,Мотяшева Алена Михайловна,404,7т,2,Мотяшева_АМ,oNaeRu6t
129,Горшкова Наталия Яковлевна,340,11а,2,Горшкова_НЯ,f2y5VhLt
130,Зябрицкий Игорь Виталиевич,332,7а,5,Зябрицкий_ИВ,rAVYQ225
131,Шельдяев Игорь Юриевич,97,7д,5,Шельдяев_ИЮ,R5NxfYi7
132,Шмелькин Максим Викторович,483,9т,5,Шмелькин_МВ,J90cpiSL
133,Жалкин Алексей Алексеевич,43,7а,3,Жалкин_АА,7szoaLNo
134,Худасов Денис Максимович,70,10д,2,Худасов_ДМ,Q952JQe5
135,Швичкова Наталья Эдуардовна,398,7г,4,Швичкова_НЭ,BWfqi3uD
136,Едская Жанна Валерьевна,436,11в,4,Едская_ЖВ,YnsN6pCW
137,Поморзина Полина Евгеньевна,122,7д,4,Поморзина_ПЕ,ylVP6p1Y
138,Будачева Кира Олеговна,55,11х,4,Будачева_КО,QzYGbuzD
139,Молкаев Василий Валериевич,216,8д,2,Молкаев_ВВ,nERfkDiU
140,Яцынин Константин Тимофеевич,285,7г,2,Яцынин_КТ,mGDv4ymt
141,Маховиков Василий Петрович,391,7х,4,Маховиков_ВП,InW7AYMQ
142,Шаметова Евгения Вадимовна,463,7а,2,Шаметова_ЕВ,uaC0iFPx
143,Законнова Жанна Евгеньевна,442,11и,None,Законнова_ЖЕ,zChzeMZt
144,Перчихин Аркадий Тимофеевич,164,10т,3,Перчихин_АТ,euhhavyA
145,Бурдасова Ксения Игоревна,203,9а,3,Бурдасова_КИ,W64vVpvO
146,Киссин Степан Иванович,251,7х,5,Киссин_СИ,LTmcFZGR
147,Вапилина Мария Егоровна,77,7д,2,Вапилина_МЕ,g4BgwpOo
148,Сигутина Дарья Федоровна,458,7б,2,Сигутина_ДФ,AQ9WseFm
149,Сошьяков Альберт Фёдорович,17,7т,4,Сошьяков_АФ,9qwqaSnQ
150,Лугахина Клара Вадимовна,419,8в,4,Лугахина_КВ,WvYG4n4m
151,Логецкий Анатолий Виталиевич,372,11б,4,Логецкий_АВ,ABOiadVT
152,Ковайкова Юлия Егоровна,75,10г,2,Ковайкова_ЮЕ,4VK6gEVF
153,Вермутский Валерий Петрович,447,9и,5,Вермутский_ВП,FWLHupJq
154,Россомахов Олег Юриевич,56,8в,2,Россомахов_ОЮ,yjaQrfJ9
155,Циплакова Екатерина Егоровна,471,9б,5,Циплакова_ЕЕ,A2wk16Sq
156,Квятцева Алла Никитична,138,11в,2,Квятцева_АН,XexmUALl
157,Выхухолева Лариса Василевна,384,8б,5,Выхухолева_ЛВ,4vnMbJZE
158,Целохов Андрей Вадимович,433,8и,5,Целохов_АВ,Dp5hpnOI
159,Бендин Иван Яковлевич,71,8и,4,Бендин_ИЯ,TzDey93I
160,Лазученков Василий Алексеевич,381,7х,2,Лазученков_ВА,cEbwkQAh
161,Скоропухов Михаил Василиевич,69,10и,3,Скоропухов_МВ,T7ECJRFF
162,Мухонкин Тарас Романович,126,9и,4,Мухонкин_ТР,L1ld8HOY
163,Камерцев Владимир Кириллович,303,7а,3,Камерцев_ВК,LWXSGSqg
164,Сандрыкина Анна Олеговна,324,10т,2,Сандрыкина_АО,FojLkajH
165,Недбайлов Алексей Денисович,15,7т,2,Недбайлов_АД,zTnWPVWn
166,Серпков Ярослав Георгиевич,380,10б,4,Серпков_ЯГ,EhGyEdnP
167,Хатшуклов Аркадий Николаевич,42,11т,4,Хатшуклов_АН,ZsEkVsPC
168,Литвалиева Алиса Егоровна,10,11и,3,Литвалиева_АЕ,46Papl6P
169,Енесина Лиза Валерьевна,293,9б,5,Енесина_ЛВ,fLca7NDO
170,Пикальков Эдуард Алексиевич,21,8д,5,Пикальков_ЭА,Bw8Bp275
171,Сачинский Валентин Кириллович,125,10т,2,Сачинский_ВК,Ns871q6r
172,Тарзанова Евгения Аркадьевна,96,9д,2,Тарзанова_ЕА,oGB85bUS
173,Лапундин Юрий Игоревич,267,8и,5,Лапундин_ЮИ,WykdnMed
174,Личева Лиза Михайловна,453,9б,3,Личева_ЛМ,G6iRTlQC
175,Смароверов Яков Борисович,131,11в,4,Смароверов_ЯБ,HpD99DlI
176,Вереина Алла Василевна,295,10и,3,Вереина_АВ,j6sTeLzY
177,Погиблева Дарья Леонидовна,283,9в,5,Погиблева_ДЛ,U8FsfrWq
178,Байнова Анастасия Вадимовна,363,7б,3,Байнова_АВ,DmhBdQUr
179,Шиловский Вячеслав Максимович,438,9и,4,Шиловский_ВМ,c7NxyyhC
180,Сыждиков Пётр Василиевич,494,11х,5,Сыждиков_ПВ,hB6h6ZIJ
181,Каценова Алёна Эдуардовна,165,11т,2,Каценова_АЭ,bQMBYdv5
182,Мужицких Ева Олеговна,348,8х,3,Мужицких_ЕО,F3CA0847
183,Плеснецов Степан Юрьевич,22,10а,2,Плеснецов_СЮ,ITNdWx9H
184,Игумнова Алёна Сергеевна,114,9д,4,Игумнова_АС,9PxUaHeo
185,Хадаров Владимир Валериевич,278,11т,5,Хадаров_ВВ,FaVq9yK6
186,Ступакова Кира Ивановна,421,8и,3,Ступакова_КИ,zqRNL5JU
187,Шоленинов Федор Максимович,286,11т,4,Шоленинов_ФМ,oamhh33u
188,Гундаров Руслан Николаевич,158,9д,4,Гундаров_РН,Wspi383X
189,Гречишева Марина Андреевна,464,7д,2,Гречишева_МА,XnQDL0bP
190,Утилова Алена Андреевна,253,11д,3,Утилова_АА,QFTYE6QM
191,Роткичева Алиса Максимовна,410,10а,4,Роткичева_АМ,wfrOs8NJ
192,Колтышева Марина Вадимовна,87,11г,4,Колтышева_МВ,YLbCMGEq
193,Гурычева Лариса Валерьевна,489,9б,2,Гурычева_ЛВ,BhKLuaig
194,Горцева Кристина Никитична,246,8и,4,Горцева_КН,5o5jUHGH
195,Кутурин Геннадий Денисович,197,9в,2,Кутурин_ГД,pcci410E
196,Стефанков Яков Евгеньевич,318,10г,3,Стефанков_ЯЕ,Ze179WIA
197,Множина Людмила Василевна,90,8б,2,Множина_ЛВ,517pplcc
198,Семисалов Георгий Иванович,316,9в,3,Семисалов_ГИ,9xsNd3qX
199,Рогалов Альберт Валериевич,327,9б,2,Рогалов_АВ,xrQkEv4W
200,Черетаева Анастасия Олеговна,341,9б,2,Черетаева_АО,uwL41lEB
201,Радоминова Любовь Игоревна,25,9и,5,Радоминова_ЛИ,g7HEC2qo
202,Шувырина Лиза Андреевна,395,9а,5,Шувырина_ЛА,rI0dXeCm
203,Калиженков Семён Алексеевич,401,11а,4,Калиженков_СА,RCu98lEz
204,Старокашин Константин Петрович,309,10а,3,Старокашин_КП,B2tD1V06
205,Малтоцов Аркадий Яковлевич,218,8а,3,Малтоцов_АЯ,qq71hWBV
206,Кузеванова Ева Егоровна,116,7д,2,Кузеванова_ЕЕ,0jBD69VG
207,Нурулина Алёна Егоровна,284,9х,2,Нурулина_АЕ,C9j8TAFR
208,Лератов Герасим Сергеевич,374,10а,4,Лератов_ГС,bvQHMz40
209,Людин Руслан Аркадиевич,498,7и,3,Людин_РА,cJR5dp2y
210,Пурин Виктор Данилович,154,8и,5,Пурин_ВД,kW7RrBDj
211,Лютов Виктор Юрьевич,288,11г,2,Лютов_ВЮ,rmNYKqEL
212,Марюшкина Яна Федоровна,345,10д,5,Марюшкина_ЯФ,ZXSL58M1
213,Томилова Кристина Михайловна,492,11б,3,Томилова_КМ,28eiALP5
214,Дистерев Валерий Валериевич,24,7г,3,Дистерев_ВВ,uZpFae9Z
215,Дочкин Геннадий Алексиевич,52,11и,5,Дочкин_ГА,T0zmo5VY
216,Иняхин Руслан Сергеевич,234,7и,5,Иняхин_РС,46pcadgC
217,Знайкова Раиса Егоровна,148,11х,3,Знайкова_РЕ,DbIBORqF
218,Кашавцев Аркадий Леонидович,58,7а,4,Кашавцев_АЛ,GuMYS1mj
219,Пятернина Кристина Андреевна,445,7и,2,Пятернина_КА,kDDuHzhw
220,Гусеева Карина Викторовна,263,9и,2,Гусеева_КВ,dSQ6J6M7
221,Кастева Яна Сергеевна,108,7и,2,Кастева_ЯС,Zp6ND2Mi
222,Гришанин Тарас Павлович,113,10т,2,Гришанин_ТП,6xbPYdLb
223,Грамоткин Илья Викторович,195,8д,5,Грамоткин_ИВ,gtmIjtme
224,Мелисин Геннадий Василиевич,465,10г,2,Мелисин_ГВ,ub58KhW0
225,Цинина Светлана Яковлевна,105,11г,5,Цинина_СЯ,LhShxHdN
226,Петов Георгий Адамович,57,9а,2,Петов_ГА,4L0qXsac
227,Реева Валентина Максимовна,146,11и,5,Реева_ВМ,wl7LaC5X
228,Слесивых Мария Аркадьевна,35,7и,5,Слесивых_МА,eyNsxxW6
229,Афтаева Полина Ивановна,193,10д,5,Афтаева_ПИ,GRBuX3sP
230,Кривицкий Валентин Виталиевич,208,8х,5,Кривицкий_ВВ,ZmXXTDxD
231,Чубатов Константин Леонидович,279,11а,4,Чубатов_КЛ,4vPn0PRD
232,Партенков Геннадий Павлович,418,8х,3,Партенков_ГП,QWI4NeVp
233,Черушев Григорий Борисович,84,7г,4,Черушев_ГБ,fM0f1hIa
234,Тютекин Георгий Тимофеевич,262,7а,2,Тютекин_ГТ,YSY3kwpf
235,Янкевский Вячеслав Адамович,167,11г,4,Янкевский_ВА,bXxcAjq6
236,Сухручкина Клавдия Аркадьевна,177,7в,4,Сухручкина_КА,kfCup9d9
237,Конофалова Клара Петровна,95,11д,5,Конофалова_КП,tquqIN18
238,Лигасов Михаил Павлович,491,11г,4,Лигасов_МП,c7kP0WwD
239,Писарьков Альберт Игоревич,313,8в,4,Писарьков_АИ,89fVgVYD
240,Варов Кирилл Иванович,28,8а,5,Варов_КИ,6aGU6JAW
241,Пурынов Евгений Петрович,244,9и,3,Пурынов_ЕП,HjnXTvyP
242,Супрутская Вероника Викторовна,187,9а,2,Супрутская_ВВ,nb67meIc
243,Скроцкая Алина Федоровна,127,8г,3,Скроцкая_АФ,1UufIDPY
244,Барадулин Вадим Юрьевич,281,11х,3,Барадулин_ВЮ,5vvEccD3
245,Точилин Дмитрий Фёдорович,476,8а,2,Точилин_ДФ,U1iWbsus
246,Бикмуллин Руслан Валериевич,333,11т,2,Бикмуллин_РВ,MwW7Ub0B
247,Серпичев Василий Алексиевич,394,10х,5,Серпичев_ВА,LzL3NERA
248,Вострышев Яков Аркадиевич,343,8г,5,Вострышев_ЯА,IdrrLYRX
249,Грушчева София Евгеньевна,480,11в,None,Грушчева_СЕ,LwvbIAyh
250,Кулапов Александр Юрьевич,109,9б,5,Кулапов_АЮ,FISdkPFy
251,Чибисенков Владислав Фёдорович,375,8х,3,Чибисенков_ВФ,W7sOif7t
252,Утилов Роман Василиевич,254,9х,2,Утилов_РВ,8dZeIM80
253,Татаурова Галина Федоровна,145,10т,4,Татаурова_ГФ,rcPNmgyp
254,Визавитина Наталия Леонидовна,101,10г,2,Визавитина_НЛ,gUvigNMs
255,Мягченков Артём Денисович,115,7б,4,Мягченков_АД,vTFHUPiq
256,Брикова Инна Богдановна,256,9б,4,Брикова_ИБ,E24CPHAF
257,Наторкин Валентин Данилович,319,7и,2,Наторкин_ВД,rTt0PHqm
258,Эштрекова Софья Алексеевна,76,9в,3,Эштрекова_СА,ZezZtAZa
259,Кутаманова Кира Андреевна,182,10т,2,Кутаманова_КА,VnQwk2H1
260,Кыштымова Евгения Эдуардовна,255,8в,5,Кыштымова_ЕЭ,pmcxuMLg
261,Ккнязева Клавдия Дмитриевна,34,7б,5,Ккнязева_КД,iIqnWUjt
262,Глаголина Алиса Никитична,249,9д,2,Глаголина_АН,00FsdYOD
263,Рисина Раиса Валерьевна,451,10а,4,Рисина_РВ,6d5LkFKw
264,Ребров Алексей Георгиевич,289,8и,3,Ребров_АГ,CIOep8R1
265,Вырысалова Александра Евгеньевна,39,11и,2,Вырысалова_АЕ,MWK7ikoZ
266,Гомольский Владимир Юриевич,314,11х,5,Гомольский_ВЮ,KETvU4OC
267,Швинова Марина Федоровна,271,8г,5,Швинова_МФ,D9DCYH2N
268,Рудковская Инна Дмитриевна,6,7т,3,Рудковская_ИД,9hIDs9a3
269,Решеткина Дарья Василевна,408,10и,3,Решеткина_ДВ,l8FkEtYc
270,Евстихеев Игорь Василиевич,422,10х,5,Евстихеев_ИВ,Jl7plugp
271,Лазарина Алёна Федоровна,161,8б,3,Лазарина_АФ,DdQ2QMyO
272,Гляченков Григорий Николаевич,431,10а,5,Гляченков_ГН,caVzoier
273,Чардынцева Алина Вадимовна,135,10д,3,Чардынцева_АВ,nUrNrmwc
274,Скаредов Яков Иванович,337,9т,5,Скаредов_ЯИ,SLfY2hrf
275,Юрицкий Эдуард Денисович,192,7д,3,Юрицкий_ЭД,NAncB9n7
276,Кравчина Светлана Аркадьевна,413,11г,5,Кравчина_СА,bQHP86Wc
277,Чмареткова Полина Вадимовна,449,10а,2,Чмареткова_ПВ,22t5yMS0
278,Углова Галина Романовна,260,9г,3,Углова_ГР,T15AW7ZF
279,Згуровская Виктория Андреевна,220,9т,4,Згуровская_ВА,3fT4IbYz
280,Секерский Станислав Сергеевич,235,10а,4,Секерский_СС,DDwnVlJX
281,Жевайкин Евгений Адамович,86,11г,3,Жевайкин_ЕА,Qb2hA77i
282,Коточигов Семён Игоревич,26,9д,5,Коточигов_СИ,BVdMRn1h
283,Калонин Альберт Денисович,297,8б,2,Калонин_АД,9buqOzzo
284,Валягин Григорий Антонович,94,10в,4,Валягин_ГА,LTsvTosL
285,Коцева Кристина Николаевна,412,9г,3,Коцева_КН,x2CgDxkV
286,Голина Кристина Максимовна,3,7х,3,Голина_КМ,0KtopDhU
287,Батрамеев Анатолий Романович,354,9х,3,Батрамеев_АР,ZCuV78M8
288,Чикмарев Валентин Валериевич,306,9и,5,Чикмарев_ВВ,JoC6hyct
289,Киницына Валерия Олеговна,202,7х,4,Киницына_ВО,Ye6bz3Cy
290,Числин Юрий Денисович,121,7в,2,Числин_ЮД,S4wmF6J1
291,Стебунова Юлия Романовна,358,9т,3,Стебунова_ЮР,kleML8LE
292,Кацов Павел Павлович,236,10г,5,Кацов_ПП,fGokMz4I
293,Гоцев Тарас Викторович,41,8в,3,Гоцев_ТВ,ajVNn8oo
294,Мотовицкий Роман Аркадиевич,31,11и,5,Мотовицкий_РА,lXuJECbR
295,Чурзина Клара Егоровна,308,10б,3,Чурзина_КЕ,AmOWhzv4
296,Щепалкина Валерия Сергеевна,134,9б,4,Щепалкина_ВС,RrnfJJyR
297,Утимишев Ярослав Игоревич,239,11а,3,Утимишев_ЯИ,K9tbuska
298,Алуханов Кирилл Фёдорович,298,7т,2,Алуханов_КФ,o51T9y6l
299,Полунеев Валентин Валериевич,307,8и,2,Полунеев_ВВ,pVfAvPov
300,Крупенова Наталия Андреевна,209,7в,5,Крупенова_НА,F70h1qWX
301,Корнюшин Илья Юрьевич,44,10т,3,Корнюшин_ИЮ,V2dcaX67
302,Паушева Виолетта Никитична,310,8г,4,Паушева_ВН,4BuRmRvZ
303,Берзин Герасим Антонович,349,11т,5,Берзин_ГА,7sF4k2mW
304,Шулунова Алла Алексеевна,54,7д,4,Шулунова_АА,qwG3NcYT
305,Трепашова София Яковлевна,399,11а,2,Трепашова_СЯ,HrL4JeBi
306,Чумейкин Константин Антонович,8,8б,5,Чумейкин_КА,B6NWovG7
307,Польшиков Денис Игоревич,495,9и,2,Польшиков_ДИ,l9t1JFPu
308,Медоусова Жанна Романовна,252,7б,2,Медоусова_ЖР,lRl4Hiyu
309,Акуратова Клавдия Андреевна,92,9г,5,Акуратова_КА,RioJZxlu
310,Курмеева Елизавета Валерьевна,486,8а,5,Курмеева_ЕВ,RnTk3DNv
311,Бадов Александр Аркадиевич,217,10г,3,Бадов_АА,GdveXqOM
312,Бакушин Эдуард Адамович,265,7б,5,Бакушин_ЭА,FeHZ8CC1
313,Чебина Инна Сергеевна,273,10т,2,Чебина_ИС,LQseb7FD
314,Подледнова Наталья Ивановна,112,11и,3,Подледнова_НИ,CHSB6jEk
315,Садгеева Лиза Евгеньевна,460,11г,3,Садгеева_ЛЕ,TQBA0eBU
316,Акушин Борис Павлович,493,9т,2,Акушин_БП,ekSiPXsW
317,Аришев Руслан Кириллович,379,10т,3,Аришев_РК,TwxEAUf4
318,Гуслова Кристина Олеговна,389,9в,2,Гуслова_КО,6kvrkx7S
319,Глоточкина Оксана Аркадьевна,370,9и,5,Глоточкина_ОА,yUvmCLXP
320,Шапина Маргарита Романовна,163,8б,5,Шапина_МР,cUm7uwQ8
321,Дурылин Георгий Валериевич,261,11т,4,Дурылин_ГВ,9NCHo4UB
322,Болкисева Анна Викторовна,248,7х,4,Болкисева_АВ,daUUVRBm
323,Багапов Вячеслав Сергеевич,99,7д,4,Багапов_ВС,ddrNsoWp
324,Люцарева Яна Аркадьевна,376,11б,2,Люцарева_ЯА,5GaEO7jr
325,Боготынина София Егоровна,63,11б,5,Боготынина_СЕ,swxqAvIK
326,Саюшкин Игорь Алексиевич,211,11х,5,Саюшкин_ИА,ixI7xnyl
327,Потешных Тамара Николаевна,468,11в,3,Потешных_ТН,bJtvfks3
328,Незлина Жанна Василевна,426,8б,5,Незлина_ЖВ,tZsQuKFi
329,Федичева Вероника Кирилловна,37,7х,4,Федичева_ВК,U001YRUD
330,Пустынкин Вадим Антонович,388,10в,5,Пустынкин_ВА,d7ueHUgs
331,Аринакова Ирина Михайловна,150,8в,5,Аринакова_ИМ,UCAgnOj0
332,Обиралкова Мария Егоровна,294,11т,5,Обиралкова_МЕ,pw3m9bEF
333,Аристарова Валентина Максимовна,443,11г,2,Аристарова_ВМ,47Xak7EP
334,Яуров Герасим Юрьевич,38,9а,5,Яуров_ГЮ,qME3hcqd
335,Духонькин Вячеслав Фёдорович,2,9в,4,Духонькин_ВФ,aqeNZQoG
336,Гвасков Евгений Михаилович,402,9в,5,Гвасков_ЕМ,tXESHdjD
337,Жабынина Галина Николаевна,185,7х,5,Жабынина_ГН,kQCCS11U
338,Шерюкова Виолетта Романовна,440,9б,4,Шерюкова_ВР,B8J7IqUe
339,Колокатов Пётр Евгеньевич,484,10в,3,Колокатов_ПЕ,oL9FrB7T
340,Шайдуков Андрей Михаилович,317,9и,4,Шайдуков_АМ,ZTPpfW72
341,Смирнягина Дарья Игоревна,425,10в,4,Смирнягина_ДИ,y5DjlBc8
342,Штырева Ева Олеговна,258,11и,2,Штырева_ЕО,h3IOQd06
343,Ашукин Вячеслав Михаилович,191,10т,4,Ашукин_ВМ,rjpkOGTR
344,Рубченкова Галина Алексеевна,190,9в,3,Рубченкова_ГА,I9n3T2R0
345,Зархин Иван Алексиевич,478,11и,5,Зархин_ИА,7jlyJNpB
346,Адиотов Дмитрий Павлович,156,7б,3,Адиотов_ДП,EJTjuA9Y
347,Тищенкова Раиса Валерьевна,79,7д,3,Тищенкова_РВ,1joq8KgE
348,Лозеев Илья Петрович,205,10д,2,Лозеев_ИП,sqR32Dqw
349,Кобяшов Герасим Михаилович,305,11т,2,Кобяшов_ГМ,wbYw5aZG
350,Ронова Клавдия Валерьевна,107,7и,4,Ронова_КВ,p0NEYH72
351,Стрижнов Алексей Евгеньевич,385,11г,3,Стрижнов_АЕ,SWs2W7zV
352,Волынский Алексей Виталиевич,362,11т,5,Волынский_АВ,cvrJEAPf
353,Машонский Василий Данилович,23,9д,5,Машонский_ВД,qFjBMoxU
354,Буриева Зинаида Аркадьевна,104,11д,4,Буриева_ЗА,ynJfgZNn
355,Борщина Алёна Ивановна,377,11а,5,Борщина_АИ,NuvkMufN
356,Белчков Олег Иванович,275,10а,4,Белчков_ОИ,Vthzv4DQ
357,Остропиков Альберт Данилович,157,8г,2,Остропиков_АД,xP0q35Kf
358,Оргонова Любовь Максимовна,264,7б,4,Оргонова_ЛМ,CM1j6T3g
359,Мальков Юрий Евгеньевич,228,7г,3,Мальков_ЮЕ,F6Y53r2V
360,Свльхова Наталья Вадимовна,160,9т,5,Свльхова_НВ,kjEoEa30
361,Мякушков Герасим Леонидович,102,10т,3,Мякушков_ГЛ,WGKhjyc6
362,Межуев Георгий Юриевич,355,8г,4,Межуев_ГЮ,RZKGcstD
363,Чериншев Александр Сергеевич,439,8а,2,Чериншев_АС,cJYDEicZ
364,Муниров Алексей Андреевич,117,11г,3,Муниров_АА,T4UxNcmE
365,Климухин Руслан Романович,269,10в,3,Климухин_РР,2TBOmncX
366,Дембская Екатерина Никитична,64,11б,4,Дембская_ЕН,cEvSaNNi
367,Тюнеев Яков Фёдорович,417,10т,2,Тюнеев_ЯФ,01zX6jKw
368,Трушитин Антон Данилович,168,9х,3,Трушитин_АД,D6xuGeq9
369,Балакишиев Роман Алексиевич,143,11х,5,Балакишиев_РА,rfgP5GCF
370,Немтюрева Валерия Аркадьевна,12,10г,4,Немтюрева_ВА,pin3bq85
371,Складанова Клавдия Аркадьевна,257,9а,3,Складанова_КА,KWdmZuYO
372,Заходина Полина Леонидовна,93,10д,4,Заходина_ПЛ,UZn2ALMM
373,Муринов Анатолий Борисович,171,11б,5,Муринов_АБ,ymgTHudV
374,Гришалова Любовь Евгеньевна,301,8т,3,Гришалова_ЛЕ,Pcrv30wZ
375,Ситчихин Станислав Георгиевич,247,8т,5,Ситчихин_СГ,7O2PGIGo
376,Просяных Георгий Василиевич,366,9в,2,Просяных_ГВ,qqNC4yfy
377,Дзабиев Григорий Георгиевич,259,11д,5,Дзабиев_ГГ,KOMT05jn
378,Рыбаулин Григорий Алексеевич,140,11а,5,Рыбаулин_ГА,fZFaTsZG
379,Тупиева Екатерина Ивановна,400,7д,2,Тупиева_ЕИ,h5oVfrsN
380,Куверчева Алена Ивановна,170,10д,3,Куверчева_АИ,gHmBOivI
381,Цаблинова Виктория Богдановна,342,9г,4,Цаблинова_ВБ,WKjztFHM
382,Синенков Григорий Леонидович,230,9в,5,Синенков_ГЛ,UvJrN7DQ
383,Лизункин Артур Олегович,4,11в,5,Лизункин_АО,jI0JhDmH
384,Славущева Александра Эдуардовна,81,8а,5,Славущева_АЭ,Llk6UOUC
385,Шахвердов Дмитрий Антонович,132,11б,2,Шахвердов_ДА,XFN0HJf5
386,Рапацкая Ольга Ивановна,223,10г,3,Рапацкая_ОИ,0DHCy2l6
387,Сторокожев Виталий Аркадиевич,159,9б,2,Сторокожев_ВА,xTGz1GON
388,Половодов Кирилл Николаевич,18,8т,5,Половодов_КН,HQMhdsRt
389,Халтанова Алена Дмитриевна,49,8б,3,Халтанова_АД,5FD8JT2G
390,Заложнев Роман Фёдорович,448,8в,4,Заложнев_РФ,AVVCBgoS
391,Рыжих Кристина Аркадьевна,213,7а,4,Рыжих_КА,UwVauTCh
392,Буров Руслан Игоревич,405,11и,5,Буров_РИ,FptJIHpP
393,Гачков Виталий Евгеньевич,277,9т,4,Гачков_ВЕ,CaHJuvbP
394,Кадилов Геннадий Борисович,225,10в,3,Кадилов_ГБ,B5xIUce1
395,Гликина Алёна Эдуардовна,454,9б,3,Гликина_АЭ,LuCx8XtG
396,Ичкинина Любовь Андреевна,299,8г,5,Ичкинина_ЛА,a5nbUD4n
397,Мозшорина Кира Дмитриевна,65,8б,3,Мозшорина_КД,opo40jkM
398,Брижеватов Константин Борисович,152,11т,2,Брижеватов_КБ,XQLC2kLW
399,Бучеров Тарас Викторович,429,10д,4,Бучеров_ТВ,VRKGczss
400,Мисютина Валерия Эдуардовна,368,9г,2,Мисютина_ВЭ,xLqiPGie
401,Льянов Федор Вадимович,328,8а,4,Льянов_ФВ,wrr4GO75
402,Щуркин Георгий Яковлевич,180,8в,4,Щуркин_ГЯ,EKplWOhv
403,Акулин Федор Адамович,241,10г,4,Акулин_ФА,yiqCywXT
404,Волженкова Екатерина Ивановна,233,9д,4,Волженкова_ЕИ,dk5OBMGX
405,Махометова София Викторовна,424,8и,3,Махометова_СВ,cn2PCVEM
406,Зызлов Геннадий Антонович,274,7в,3,Зызлов_ГА,ptQVg7ns
407,Девляшова Кира Олеговна,51,11д,5,Девляшова_КО,g2GZ1qsg
408,Яковкина Алена Никитична,320,9т,5,Яковкина_АН,sMDydgkx
409,Бузулев Вадим Николаевич,331,10д,3,Бузулев_ВН,GuPoIbUu
410,Ганельский Юрий Юриевич,474,9д,3,Ганельский_ЮЮ,lrZkEvet
411,Шкапрова Ева Ивановна,371,7б,5,Шкапрова_ЕИ,rbQ1X2jA
412,Чичирин Владимир Георгиевич,11,10а,4,Чичирин_ВГ,2XChmbls
413,Шилова Надежда Викторовна,124,9б,2,Шилова_НВ,bjJzBwc6
414,Коваев Руслан Михаилович,487,9т,3,Коваев_РМ,4tK8XtcT
415,Саверина Надежда Андреевна,407,11б,4,Саверина_НА,DhTz2Sfx
416,Тишанкин Олег Адамович,334,9д,3,Тишанкин_ОА,K4agIicL
417,Широпаев Валерий Сергеевич,406,9б,2,Широпаев_ВС,VlaR8Msr
418,Щепанин Олег Адамович,226,7а,3,Щепанин_ОА,m3h0bCXp
419,Оплетин Владислав Аркадиевич,361,10х,4,Оплетин_ВА,fULbCGuN
420,Оденова Карина Андреевна,409,8и,4,Оденова_КА,TAezF6Bv
421,Семагин Альберт Андреевич,456,10х,4,Семагин_АА,Z8UppxXC
422,Черданцева Анастасия Олеговна,128,8х,3,Черданцева_АО,nHLIw2uv
423,Лонцова Елизавета Эдуардовна,224,7х,3,Лонцова_ЕЭ,aRCvWQ7f
424,Сарсекеева Алёна Никитична,462,11и,4,Сарсекеева_АН,MsIKGE6L
425,Аковецкий Антон Евгеньевич,500,8б,4,Аковецкий_АЕ,IXbEOiwE
426,Аратский Станислав Борисович,351,9и,2,Аратский_СБ,I3TwWA8Q
427,Чужриков Пётр Денисович,200,9в,3,Чужриков_ПД,TXWQ8trZ
428,Никитшин Алексей Кириллович,111,11и,3,Никитшин_АК,lwbNxtbs
429,Симендяев Василий Алексиевич,45,8д,4,Симендяев_ВА,c0kB6PLi
430,Ошитков Максим Сергеевич,151,10г,4,Ошитков_МС,goVXo3MR
431,Юрасов Евгений Романович,338,9и,3,Юрасов_ЕР,LLRufaq7
432,Головяшин Павел Юриевич,179,7г,5,Головяшин_ПЮ,i0YPu1tC
433,Манжурина Екатерина Сергеевна,219,7т,3,Манжурина_ЕС,UKWG8XAi
434,Никурашин Олег Евгеньевич,291,11х,2,Никурашин_ОЕ,DeJTg1sV
435,Бехтерев Федор Вадимович,137,9х,3,Бехтерев_ФВ,NGksbD1c
436,Годлевская Катерина Дмитриевна,403,11г,3,Годлевская_КД,uJM1BwKi
437,Акиярова Алина Эдуардовна,9,11а,4,Акиярова_АЭ,Pckq4xX6
438,Милина Алена Петровна,359,8г,3,Милина_АП,7EuiN8Yx
439,Воловин Борис Викторович,350,7т,2,Воловин_БВ,OzjSXXww
440,Туморина Ксения Федоровна,133,8б,5,Туморина_КФ,nWVafvJy
441,Желейков Вячеслав Яковлевич,199,8г,3,Желейков_ВЯ,dgSwfzeC
442,Шишорнина Екатерина Алексеевна,183,8т,3,Шишорнина_ЕА,uhjtEuMn
443,Юумогулова Виолетта Игоревна,311,10х,3,Юумогулова_ВИ,IzwX0M9F
444,Рецков Денис Денисович,85,10д,2,Рецков_ДД,aMmg7U3R
445,Химунина Елизавета Ивановна,392,7д,2,Химунина_ЕИ,VoFjhFKX
446,Кобрянов Александр Алексиевич,455,7т,2,Кобрянов_АА,2LzGMzRs
447,Бирылов Тарас Данилович,243,11а,3,Бирылов_ТД,aeOa75k7
448,Туфатулин Ярослав Леонидович,485,8х,4,Туфатулин_ЯЛ,XnyywKmQ
449,Долбишев Николай Аркадиевич,292,10б,5,Долбишев_НА,IgnIAL0M
450,Махтумова Алёна Эдуардовна,186,10б,4,Махтумова_АЭ,yg7A6MIZ
451,Нарзаркин Алексей Романович,423,10т,2,Нарзаркин_АР,GrHyaXfU
452,Куранина Алена Леонидовна,196,9б,4,Куранина_АЛ,UXYgtAN5
453,Ситюков Аркадий Евгеньевич,32,10в,3,Ситюков_АЕ,MMUoVbsO
454,Мизюрова Алиса Никитична,176,7г,4,Мизюрова_АН,IGWwvcDy
455,Пандурова Алиса Дмитриевна,130,9б,2,Пандурова_АД,pgFbQKNA
456,Жилейкин Борис Тимофеевич,91,7в,2,Жилейкин_БТ,iz4qCGlF
457,Корпункова Виолетта Сергеевна,83,11а,3,Корпункова_ВС,ux9alj7c
458,Пашохонова Анастасия Федоровна,467,9в,4,Пашохонова_АФ,4KDi75oQ
459,Сузальцева Тамара Михайловна,357,8х,4,Сузальцева_ТМ,PQOEGPtt
460,Чиличкина Светлана Яковлевна,5,8в,5,Чиличкина_СЯ,QzVhA0j9
461,Шантыкова Карина Максимовна,198,10д,3,Шантыкова_КМ,KbaEiztr
462,Недосекин Владислав Яковлевич,457,10а,4,Недосекин_ВЯ,axh5VYjI
463,Максимкин Федор Фёдорович,172,10г,2,Максимкин_ФФ,xv1qakSW
464,Матбиюшина Виктория Игоревна,237,8д,2,Матбиюшина_ВИ,Zx8bWfBP
465,Шишкунов Герасим Юрьевич,110,8т,4,Шишкунов_ГЮ,EFtvBeES
466,Сухинин Георгий Алексиевич,475,10х,4,Сухинин_ГА,ewMZcQTo
467,Бисеева Полина Романовна,48,7д,5,Бисеева_ПР,fPbPUalO
468,Жукулов Михаил Денисович,60,11г,3,Жукулов_МД,ezNMukpV
469,Тоняев Герасим Петрович,378,9т,5,Тоняев_ГП,I1ooFRzN
470,Шушенкова Алёна Олеговна,36,7и,2,Шушенкова_АО,gXzsbTKY
471,Разроев Дмитрий Павлович,59,9а,2,Разроев_ДП,fTrD6weB
472,Баззаев Анатолий Данилович,339,9д,2,Баззаев_АД,n1Ck7Aff
473,Цекова Алла Олеговна,50,8д,2,Цекова_АО,9DUK0O1a
474,Аборонова Алиса Алексеевна,444,7г,5,Аборонова_АА,wuMbsS1T
475,Ягловская Ева Олеговна,181,8в,4,Ягловская_ЕО,D0RMvNjm
476,Шароварова Яна Романовна,175,8а,4,Шароварова_ЯР,DNACFdRg
477,Общев Яков Викторович,466,8а,4,Общев_ЯВ,P0t9RfPd
478,Ойзерская Катерина Эдуардовна,120,7х,2,Ойзерская_КЭ,BxuRdHAh
479,Прусский Ярослав Иванович,479,11б,2,Прусский_ЯИ,gye52YAK
480,Лабинов Павел Алексеевич,272,7б,5,Лабинов_ПА,6Q0VfnC6
481,Покровов Эдуард Павлович,312,8б,2,Покровов_ЭП,qwTsbubR
482,Мачехин Эдуард Данилович,19,7д,3,Мачехин_ЭД,SVUBLwDy
483,Кодорская Раиса Ивановна,27,11б,3,Кодорская_РИ,NzAjlpS9
484,Кондраева Марина Ивановна,469,9д,3,Кондраева_МИ,sueoE4HZ
485,Бульенков Валентин Иванович,136,10т,4,Бульенков_ВИ,rmTJ3Cbx
486,Тагакова Вероника Яковлевна,393,8т,4,Тагакова_ВЯ,Ni8RMvXM
487,Гершанова Любовь Евгеньевна,383,11т,5,Гершанова_ЛЕ,GNcJ8YfJ
488,Салина Алена Егоровна,73,11в,5,Салина_АЕ,3iwfQt22
489,Фрумова Зинаида Аркадьевна,78,8а,4,Фрумова_ЗА,XGJTNvyE
490,Хорняков Борис Борисович,13,8г,2,Хорняков_ББ,f1LJARz5
491,Гдагазина Лиза Василевна,212,9т,5,Гдагазина_ЛВ,v4kxIYaN
492,Агаршев Ярослав Михаилович,276,9т,2,Агаршев_ЯМ,NV8iD6db
493,Корюшин Пётр Антонович,326,8х,2,Корюшин_ПА,MW3CnvDy
494,Калаев Пётр Алексиевич,68,8а,3,Калаев_ПА,xqaQW1fu
495,Ккаталкина Виолетта Егоровна,53,7б,2,Ккаталкина_ВЕ,LwIIphO4
496,Рачнов Герасим Алексеевич,103,10а,5,Рачнов_ГА,BKhRwdKI
497,Миндубаева Людмила Леонидовна,477,11и,2,Миндубаева_ЛЛ,nSkVRiaF
498,Агафьева Вера Ивановна,352,11х,3,Агафьева_ВИ,ABW2wL0u
499,Житин Эдуард Адамович,481,9а,5,Житин_ЭА,2WEmIIhG
